{"cameraMode":{"drawMode":0,"name":"Shaded","section":"Shading Mode"},"sceneLighting":true,"audioPlay":false,"sceneViewState":{"showFog":true,"showMaterialUpdate":false,"showSkybox":true,"showFlares":true,"showImageEffects":true,"showParticleSystems":true},"in2DMode":false,"pivot":{"x":3.2992944717407228,"y":-3.091791868209839,"z":-5.929872512817383},"rotation":{"x":0.11157558113336563,"y":0.8833839297294617,"z":-0.26776254177093508,"w":0.36808568239212038},"size":15.865239143371582,"orthographic":true}