{"cameraMode":{"drawMode":0,"name":"Shaded","section":"Shading Mode"},"sceneLighting":true,"audioPlay":false,"sceneViewState":{"showFog":true,"showMaterialUpdate":false,"showSkybox":true,"showFlares":true,"showImageEffects":true,"showParticleSystems":true},"in2DMode":false,"pivot":{"x":-1.371991753578186,"y":1.4350135326385499,"z":-6.024477005004883},"rotation":{"x":0.226571723818779,"y":0.1399765908718109,"z":-0.03292251378297806,"w":0.963321328163147},"size":2.097062349319458,"orthographic":true}