{"cameraMode":{"drawMode":0,"name":"Shaded","section":"Shading Mode"},"sceneLighting":true,"audioPlay":false,"sceneViewState":{"showFog":true,"showMaterialUpdate":false,"showSkybox":true,"showFlares":true,"showImageEffects":true,"showParticleSystems":true},"in2DMode":false,"pivot":{"x":1.41819429397583,"y":-11.716018676757813,"z":32.04275131225586},"rotation":{"x":0.20862466096878053,"y":0.036388982087373736,"z":-0.007768630050122738,"w":0.977287769317627},"size":52.47557067871094,"orthographic":false}