{"cameraMode":{"drawMode":0,"name":"Shaded","section":"Shading Mode"},"sceneLighting":true,"audioPlay":false,"sceneViewState":{"showFog":true,"showMaterialUpdate":false,"showSkybox":true,"showFlares":true,"showImageEffects":true,"showParticleSystems":true},"in2DMode":false,"pivot":{"x":-1.1610300540924073,"y":0.7694165110588074,"z":3.3581929206848146},"rotation":{"x":-0.2904563546180725,"y":-0.23647911846637727,"z":0.07432783395051956,"w":-0.924223005771637},"size":3.9784069061279299,"orthographic":true}