{"cameraMode":{"drawMode":0,"name":"Shaded","section":"Shading Mode"},"sceneLighting":true,"audioPlay":false,"sceneViewState":{"showFog":true,"showMaterialUpdate":false,"showSkybox":true,"showFlares":true,"showImageEffects":true,"showParticleSystems":true},"in2DMode":false,"pivot":{"x":2.44122314453125,"y":-1.0475776195526124,"z":5.155694961547852},"rotation":{"x":-0.2816566228866577,"y":-0.20940323173999787,"z":0.06313055753707886,"w":-0.9342560768127441},"size":20.924924850463868,"orthographic":false}