{"cameraMode":{"drawMode":0,"name":"Shaded","section":"Shading Mode"},"sceneLighting":true,"audioPlay":false,"sceneViewState":{"showFog":true,"showMaterialUpdate":false,"showSkybox":true,"showFlares":true,"showImageEffects":true,"showParticleSystems":true},"in2DMode":false,"pivot":{"x":0.3024635314941406,"y":0.05493004620075226,"z":-5.731897354125977},"rotation":{"x":-0.007879960350692273,"y":-0.9776324033737183,"z":0.20684270560741425,"w":-0.03726860135793686},"size":7.5965447425842289,"orthographic":true}