{"cameraMode":{"drawMode":0,"name":"Shaded","section":"Shading Mode"},"sceneLighting":true,"audioPlay":false,"sceneViewState":{"showFog":true,"showMaterialUpdate":false,"showSkybox":true,"showFlares":true,"showImageEffects":true,"showParticleSystems":true},"in2DMode":false,"pivot":{"x":-2.6091299057006838,"y":20.34270477294922,"z":18.68572235107422},"rotation":{"x":-0.0015048545319586993,"y":-0.9227198958396912,"z":0.3854514956474304,"w":-0.003606140846386552},"size":16.39764404296875,"orthographic":true}