{"cameraMode":{"drawMode":0,"name":"Shaded","section":"Shading Mode"},"sceneLighting":true,"audioPlay":false,"sceneViewState":{"showFog":true,"showMaterialUpdate":false,"showSkybox":true,"showFlares":true,"showImageEffects":true,"showParticleSystems":true},"in2DMode":false,"pivot":{"x":-5.252999782562256,"y":0.03362220525741577,"z":3.312485933303833},"rotation":{"x":0.019383136183023454,"y":0.9148065447807312,"z":-0.044231027364730838,"w":0.4009949266910553},"size":7.967236518859863,"orthographic":true}