{"cameraMode":{"drawMode":0,"name":"Shaded","section":"Shading Mode"},"sceneLighting":true,"audioPlay":false,"sceneViewState":{"showFog":true,"showMaterialUpdate":false,"showSkybox":true,"showFlares":true,"showImageEffects":true,"showParticleSystems":true},"in2DMode":false,"pivot":{"x":0.3296528160572052,"y":0.19913935661315919,"z":-5.361607074737549},"rotation":{"x":0.05898020416498184,"y":-0.6515164375305176,"z":0.05092165991663933,"w":0.7546221613883972},"size":0.8949574828147888,"orthographic":true}