{"cameraMode":{"drawMode":0,"name":"Shaded","section":"Shading Mode"},"sceneLighting":true,"audioPlay":false,"sceneViewState":{"showFog":true,"showMaterialUpdate":false,"showSkybox":true,"showFlares":true,"showImageEffects":true,"showParticleSystems":true},"in2DMode":false,"pivot":{"x":-0.8717219829559326,"y":-4.190863609313965,"z":-15.306875228881836},"rotation":{"x":0.00035129013122059405,"y":0.989166259765625,"z":-0.14678014814853669,"w":0.0023680515587329866},"size":25.103429794311525,"orthographic":false}