{"cameraMode":{"drawMode":0,"name":"Shaded","section":"Shading Mode"},"sceneLighting":true,"audioPlay":false,"sceneViewState":{"showFog":true,"showMaterialUpdate":false,"showSkybox":true,"showFlares":true,"showImageEffects":true,"showParticleSystems":true},"in2DMode":false,"pivot":{"x":13.856607437133789,"y":-3.6208510398864748,"z":-10.661151885986329},"rotation":{"x":0.08133340626955033,"y":0.8502732515335083,"z":-0.13792744278907777,"w":0.5013943314552307},"size":35.219539642333987,"orthographic":false}