{"cameraMode":{"drawMode":0,"name":"Shaded","section":"Shading Mode"},"sceneLighting":true,"audioPlay":false,"sceneViewState":{"showFog":true,"showMaterialUpdate":false,"showSkybox":true,"showFlares":true,"showImageEffects":true,"showParticleSystems":true},"in2DMode":false,"pivot":{"x":4.569526672363281,"y":4.348753452301025,"z":-3.3705508708953859},"rotation":{"x":-0.22707118093967439,"y":0.39102232456207278,"z":-0.10018250346183777,"w":-0.8862864375114441},"size":11.636690139770508,"orthographic":true}