{"cameraMode":{"drawMode":0,"name":"Shaded","section":"Shading Mode"},"sceneLighting":true,"audioPlay":false,"sceneViewState":{"showFog":true,"showMaterialUpdate":false,"showSkybox":true,"showFlares":true,"showImageEffects":true,"showParticleSystems":true},"in2DMode":false,"pivot":{"x":-1.1427754163742066,"y":0.38321611285209658,"z":-6.7475175857543949},"rotation":{"x":-0.0012464314932003618,"y":0.9889135956764221,"z":-0.14825567603111268,"w":-0.008293603546917439},"size":10.103328704833985,"orthographic":true}